method,ref_year,ref_month,yearmonth,hexade,landings,series
SINA,1999,0,1999,1999-2010,0.0357805779,Fourier 1st order
SINC,1999,0,1999,1999-2010,0.3320948129,Fourier 3rd order
OBSE,1999,0,1999,1999-2010,0.1311115385,Observations
SINA,1999,1,1999.0833333,1999-2010,0.1219461774,Fourier 1st order
SINC,1999,1,1999.0833333,1999-2010,0.1672676898,Fourier 3rd order
OBSE,1999,1,1999.0833333,1999-2010,0.2911546667,Observations
SINA,1999,2,1999.1666667,1999-2010,0.6288414073,Fourier 1st order
SINC,1999,2,1999.1666667,1999-2010,0.1658316736,Fourier 3rd order
OBSE,1999,2,1999.1666667,1999-2010,0.081846,Observations
SINA,1999,3,1999.25,1999-2010,3.1614507135,Fourier 1st order
SINC,1999,3,1999.25,1999-2010,1.7156203019,Fourier 3rd order
OBSE,1999,3,1999.25,1999-2010,1.4694409091,Observations
SINA,1999,4,1999.3333333,1999-2010,10.052617141,Fourier 1st order
SINC,1999,4,1999.3333333,1999-2010,12.894933056,Fourier 3rd order
OBSE,1999,4,1999.3333333,1999-2010,15.169742105,Observations
SINA,1999,5,1999.4166667,1999-2010,14.828717318,Fourier 1st order
SINC,1999,5,1999.4166667,1999-2010,12.064375115,Fourier 3rd order
OBSE,1999,5,1999.4166667,1999-2010,5.9317267857,Observations
SINA,1999,6,1999.5,1999-2010,9.1437295757,Fourier 1st order
SINC,1999,6,1999.5,1999-2010,7.1977426206,Fourier 3rd order
OBSE,1999,6,1999.5,1999-2010,8.4504267442,Observations
SINA,1999,7,1999.5833333,1999-2010,2.6828879349,Fourier 1st order
SINC,1999,7,1999.5833333,1999-2010,4.5029076575,Fourier 3rd order
OBSE,1999,7,1999.5833333,1999-2010,4.9400114286,Observations
SINA,1999,8,1999.6666667,1999-2010,0.5202709685,Fourier 1st order
SINC,1999,8,1999.6666667,1999-2010,0.4278098594,Fourier 3rd order
OBSE,1999,8,1999.6666667,1999-2010,0.141025,Observations
SINA,1999,9,1999.75,1999-2010,0.1034866451,Fourier 1st order
SINC,1999,9,1999.75,1999-2010,0.0123612837,Fourier 3rd order
OBSE,1999,9,1999.75,1999-2010,0.0056944444,Observations
SINA,1999,10,1999.8333333,1999-2010,0.0325455474,Fourier 1st order
SINC,1999,10,1999.8333333,1999-2010,0.0052193806,Fourier 3rd order
OBSE,1999,10,1999.8333333,1999-2010,0.015454023,Observations
SINA,1999,11,1999.9166667,1999-2010,0.0220631307,Fourier 1st order
SINC,1999,11,1999.9166667,1999-2010,0.0592270432,Fourier 3rd order
OBSE,1999,11,1999.9166667,1999-2010,0.0312444444,Observations
SINA,2000,0,2000,1999-2010,0.0323680531,Fourier 1st order
SINC,2000,0,2000,1999-2010,0.1806439414,Fourier 3rd order
OBSE,2000,0,2000,1999-2010,0.0524396552,Observations
SINA,2000,1,2000.0833333,1999-2010,0.0866064425,Fourier 1st order
SINC,2000,1,2000.0833333,1999-2010,0.201853998,Fourier 3rd order
OBSE,2000,1,2000.0833333,1999-2010,0.3124411765,Observations
SINA,2000,2,2000.1666667,1999-2010,0.4100759921,Fourier 1st order
SINC,2000,2,2000.1666667,1999-2010,0.1909603323,Fourier 3rd order
OBSE,2000,2,2000.1666667,1999-2010,0.1937233696,Observations
SINA,2000,3,2000.25,1999-2010,2.2652134553,Fourier 1st order
SINC,2000,3,2000.25,1999-2010,1.2272999306,Fourier 3rd order
OBSE,2000,3,2000.25,1999-2010,0.7524346154,Observations
SINA,2000,4,2000.3333333,1999-2010,9.2342296957,Fourier 1st order
SINC,2000,4,2000.3333333,1999-2010,11.941141044,Fourier 3rd order
OBSE,2000,4,2000.3333333,1999-2010,14.039025373,Observations
SINA,2000,5,2000.4166667,1999-2010,19.063903907,Fourier 1st order
SINC,2000,5,2000.4166667,1999-2010,17.687633951,Fourier 3rd order
OBSE,2000,5,2000.4166667,1999-2010,13.577492647,Observations
SINA,2000,6,2000.5,1999-2010,16.413047863,Fourier 1st order
SINC,2000,6,2000.5,1999-2010,9.0046240512,Fourier 3rd order
OBSE,2000,6,2000.5,1999-2010,10.858564,Observations
SINA,2000,7,2000.5833333,1999-2010,6.1341672729,Fourier 1st order
SINC,2000,7,2000.5833333,1999-2010,6.4194046025,Fourier 3rd order
OBSE,2000,7,2000.5833333,1999-2010,5.9374431373,Observations
SINA,2000,8,2000.6666667,1999-2010,1.2955120887,Fourier 1st order
SINC,2000,8,2000.6666667,1999-2010,1.9125900425,Fourier 3rd order
OBSE,2000,8,2000.6666667,1999-2010,2.1992721591,Observations
SINA,2000,9,2000.75,1999-2010,0.23452907,Fourier 1st order
SINC,2000,9,2000.75,1999-2010,0.1052941324,Fourier 3rd order
OBSE,2000,9,2000.75,1999-2010,0.0008578571,Observations
SINA,2000,10,2000.8333333,1999-2010,0.0575314263,Fourier 1st order
SINC,2000,10,2000.8333333,1999-2010,0.0135851968,Fourier 3rd order
OBSE,2000,10,2000.8333333,1999-2010,0.0339615,Observations
SINA,2000,11,2000.9166667,1999-2010,0.027867241,Fourier 1st order
SINC,2000,11,2000.9166667,1999-2010,0.0325393649,Fourier 3rd order
OBSE,2000,11,2000.9166667,1999-2010,0.0233203252,Observations
SINA,2001,0,2001,1999-2010,0.0387433686,Fourier 1st order
SINC,2001,0,2001,1999-2010,0.0942385415,Fourier 3rd order
OBSE,2001,0,2001,1999-2010,0.0217576923,Observations
SINA,2001,1,2001.0833333,1999-2010,0.1064743037,Fourier 1st order
SINC,2001,1,2001.0833333,1999-2010,0.1047525984,Fourier 3rd order
OBSE,2001,1,2001.0833333,1999-2010,0.1747073171,Observations
SINA,2001,2,2001.1666667,1999-2010,0.5250958822,Fourier 1st order
SINC,2001,2,2001.1666667,1999-2010,0.2377935072,Fourier 3rd order
OBSE,2001,2,2001.1666667,1999-2010,0.2031234568,Observations
SINA,2001,3,2001.25,1999-2010,3.0303421017,Fourier 1st order
SINC,2001,3,2001.25,1999-2010,2.9080658496,Fourier 3rd order
OBSE,2001,3,2001.25,1999-2010,2.5956884615,Observations
SINA,2001,4,2001.3333333,1999-2010,12.794602881,Fourier 1st order
SINC,2001,4,2001.3333333,1999-2010,18.564329871,Fourier 3rd order
OBSE,2001,4,2001.3333333,1999-2010,19.287769318,Observations
SINA,2001,5,2001.4166667,1999-2010,26.867819828,Fourier 1st order
SINC,2001,5,2001.4166667,1999-2010,15.487694873,Fourier 3rd order
OBSE,2001,5,2001.4166667,1999-2010,15.194982353,Observations
SINA,2001,6,2001.5,1999-2010,23.002433003,Fourier 1st order
SINC,2001,6,2001.5,1999-2010,10.834306706,Fourier 3rd order
OBSE,2001,6,2001.5,1999-2010,10.267189655,Observations
SINA,2001,7,2001.5833333,1999-2010,8.3700170718,Fourier 1st order
SINC,2001,7,2001.5833333,1999-2010,14.565740525,Fourier 3rd order
OBSE,2001,7,2001.5833333,1999-2010,14.247713636,Observations
SINA,2001,8,2001.6666667,1999-2010,1.6971981114,Fourier 1st order
SINC,2001,8,2001.6666667,1999-2010,4.207286665,Fourier 3rd order
OBSE,2001,8,2001.6666667,1999-2010,5.3038689655,Observations
SINA,2001,9,2001.75,1999-2010,0.2940894822,Fourier 1st order
SINC,2001,9,2001.75,1999-2010,0.1509506162,Fourier 3rd order
OBSE,2001,9,2001.75,1999-2010,0.0422261905,Observations
SINA,2001,10,2001.8333333,1999-2010,0.0696537241,Fourier 1st order
SINC,2001,10,2001.8333333,1999-2010,0.0158231213,Fourier 3rd order
OBSE,2001,10,2001.8333333,1999-2010,0.0307631944,Observations
SINA,2001,11,2001.9166667,1999-2010,0.0331694847,Fourier 1st order
SINC,2001,11,2001.9166667,1999-2010,0.028925437,Fourier 3rd order
OBSE,2001,11,2001.9166667,1999-2010,0.0381692708,Observations
SINA,2002,0,2002,1999-2010,0.0347547877,Fourier 1st order
SINC,2002,0,2002,1999-2010,0.1747579443,Fourier 3rd order
OBSE,2002,0,2002,1999-2010,0,Observations
SINA,2002,1,2002.0833333,1999-2010,0.1026473245,Fourier 1st order
SINC,2002,1,2002.0833333,1999-2010,0.1273312917,Fourier 3rd order
OBSE,2002,1,2002.0833333,1999-2010,0.1951683673,Observations
SINA,2002,2,2002.1666667,1999-2010,0.4651046689,Fourier 1st order
SINC,2002,2,2002.1666667,1999-2010,0.2036301976,Fourier 3rd order
OBSE,2002,2,2002.1666667,1999-2010,0.2058507463,Observations
SINA,2002,3,2002.25,1999-2010,2.1567249101,Fourier 1st order
SINC,2002,3,2002.25,1999-2010,1.8794125273,Fourier 3rd order
OBSE,2002,3,2002.25,1999-2010,1.3341275641,Observations
SINA,2002,4,2002.3333333,1999-2010,6.7851623437,Fourier 1st order
SINC,2002,4,2002.3333333,1999-2010,8.4046121268,Fourier 3rd order
OBSE,2002,4,2002.3333333,1999-2010,10.423479861,Observations
SINA,2002,5,2002.4166667,1999-2010,10.652984733,Fourier 1st order
SINC,2002,5,2002.4166667,1999-2010,6.4924618378,Fourier 3rd order
OBSE,2002,5,2002.4166667,1999-2010,4.5110341463,Observations
SINA,2002,6,2002.5,1999-2010,7.3966271631,Fourier 1st order
SINC,2002,6,2002.5,1999-2010,5.3517533684,Fourier 3rd order
OBSE,2002,6,2002.5,1999-2010,5.2942575758,Observations
SINA,2002,7,2002.5833333,1999-2010,2.5043829257,Fourier 1st order
SINC,2002,7,2002.5833333,1999-2010,5.1454361573,Fourier 3rd order
OBSE,2002,7,2002.5833333,1999-2010,6.8581034483,Observations
SINA,2002,8,2002.6666667,1999-2010,0.5527104413,Fourier 1st order
SINC,2002,8,2002.6666667,1999-2010,0.6369745467,Fourier 3rd order
OBSE,2002,8,2002.6666667,1999-2010,0.061175,Observations
SINA,2002,9,2002.75,1999-2010,0.1191937857,Fourier 1st order
SINC,2002,9,2002.75,1999-2010,0.0195040475,Fourier 3rd order
OBSE,2002,9,2002.75,1999-2010,0.0248823529,Observations
SINA,2002,10,2002.8333333,1999-2010,0.0378868174,Fourier 1st order
SINC,2002,10,2002.8333333,1999-2010,0.0062259391,Fourier 3rd order
OBSE,2002,10,2002.8333333,1999-2010,0.0065656489,Observations
SINA,2002,11,2002.9166667,1999-2010,0.0241310969,Fourier 1st order
SINC,2002,11,2002.9166667,1999-2010,0.0407104793,Fourier 3rd order
OBSE,2002,11,2002.9166667,1999-2010,0.0497957317,Observations
SINA,2003,0,2003,1999-2010,0.0116958219,Fourier 1st order
SINC,2003,0,2003,1999-2010,0.0434775034,Fourier 3rd order
OBSE,2003,0,2003,1999-2010,0.0168888889,Observations
SINA,2003,1,2003.0833333,1999-2010,0.0398096708,Fourier 1st order
SINC,2003,1,2003.0833333,1999-2010,0.023458342,Fourier 3rd order
OBSE,2003,1,2003.0833333,1999-2010,0.0527533784,Observations
SINA,2003,2,2003.1666667,1999-2010,0.2480986947,Fourier 1st order
SINC,2003,2,2003.1666667,1999-2010,0.049297393,Fourier 3rd order
OBSE,2003,2,2003.1666667,1999-2010,0.0007962617,Observations
SINA,2003,3,2003.25,1999-2010,1.7338693806,Fourier 1st order
SINC,2003,3,2003.25,1999-2010,1.4585342337,Fourier 3rd order
OBSE,2003,3,2003.25,1999-2010,2.1248351449,Observations
SINA,2003,4,2003.3333333,1999-2010,8.0706804703,Fourier 1st order
SINC,2003,4,2003.3333333,1999-2010,16.406727806,Fourier 3rd order
OBSE,2003,4,2003.3333333,1999-2010,13.264751,Observations
SINA,2003,5,2003.4166667,1999-2010,16.570828007,Fourier 1st order
SINC,2003,5,2003.4166667,1999-2010,9.3410332943,Fourier 3rd order
OBSE,2003,5,2003.4166667,1999-2010,10.811576923,Observations
SINA,2003,6,2003.5,1999-2010,12.376621032,Fourier 1st order
SINC,2003,6,2003.5,1999-2010,3.9259053022,Fourier 3rd order
OBSE,2003,6,2003.5,1999-2010,4.9616607143,Observations
SINA,2003,7,2003.5833333,1999-2010,3.6361706053,Fourier 1st order
SINC,2003,7,2003.5833333,1999-2010,4.5104575126,Fourier 3rd order
OBSE,2003,7,2003.5833333,1999-2010,3.0669087912,Observations
SINA,2003,8,2003.6666667,1999-2010,0.5834563343,Fourier 1st order
SINC,2003,8,2003.6666667,1999-2010,0.9690310974,Fourier 3rd order
OBSE,2003,8,2003.6666667,1999-2010,1.4649029126,Observations
SINA,2003,9,2003.75,1999-2010,0.0834865397,Fourier 1st order
SINC,2003,9,2003.75,1999-2010,0.023854774,Fourier 3rd order
OBSE,2003,9,2003.75,1999-2010,0,Observations
SINA,2003,10,2003.8333333,1999-2010,0.0179358798,Fourier 1st order
SINC,2003,10,2003.8333333,1999-2010,0.0034210267,Fourier 3rd order
OBSE,2003,10,2003.8333333,1999-2010,0.004627931,Observations
SINA,2003,11,2003.9166667,1999-2010,0.0087355173,Fourier 1st order
SINC,2003,11,2003.9166667,1999-2010,0.0133088265,Fourier 3rd order
OBSE,2003,11,2003.9166667,1999-2010,0.0179459239,Observations
SINA,2004,0,2004,1999-2010,0.0052797394,Fourier 1st order
SINC,2004,0,2004,1999-2010,0.0030378272,Fourier 3rd order
OBSE,2004,0,2004,1999-2010,0.0062643443,Observations
SINA,2004,1,2004.0833333,1999-2010,0.0177732117,Fourier 1st order
SINC,2004,1,2004.0833333,1999-2010,0.0030264,Fourier 3rd order
OBSE,2004,1,2004.0833333,1999-2010,0.0015555556,Observations
SINA,2004,2,2004.1666667,1999-2010,0.1206357577,Fourier 1st order
SINC,2004,2,2004.1666667,1999-2010,0.0394706742,Fourier 3rd order
OBSE,2004,2,2004.1666667,1999-2010,0.0290403509,Observations
SINA,2004,3,2004.25,1999-2010,0.988295577,Fourier 1st order
SINC,2004,3,2004.25,1999-2010,1.742526473,Fourier 3rd order
OBSE,2004,3,2004.25,1999-2010,2.4778350746,Observations
SINA,2004,4,2004.3333333,1999-2010,5.5622514084,Fourier 1st order
SINC,2004,4,2004.3333333,1999-2010,8.2474030384,Fourier 3rd order
OBSE,2004,4,2004.3333333,1999-2010,6.2886629213,Observations
SINA,2004,5,2004.4166667,1999-2010,13.536549661,Fourier 1st order
SINC,2004,5,2004.4166667,1999-2010,3.8779961916,Fourier 3rd order
OBSE,2004,5,2004.4166667,1999-2010,7.83968,Observations
SINA,2004,6,2004.5,1999-2010,11.224360352,Fourier 1st order
SINC,2004,6,2004.5,1999-2010,2.826974404,Fourier 3rd order
OBSE,2004,6,2004.5,1999-2010,1.7264705882,Observations
SINA,2004,7,2004.5833333,1999-2010,3.3343268675,Fourier 1st order
SINC,2004,7,2004.5833333,1999-2010,3.8112169588,Fourier 3rd order
OBSE,2004,7,2004.5833333,1999-2010,3.5425483871,Observations
SINA,2004,8,2004.6666667,1999-2010,0.4912448711,Fourier 1st order
SINC,2004,8,2004.6666667,1999-2010,0.9513839308,Fourier 3rd order
OBSE,2004,8,2004.6666667,1999-2010,1.3483050847,Observations
SINA,2004,9,2004.75,1999-2010,0.0599635358,Fourier 1st order
SINC,2004,9,2004.75,1999-2010,0.0522379648,Fourier 3rd order
OBSE,2004,9,2004.75,1999-2010,0.0014825581,Observations
SINA,2004,10,2004.8333333,1999-2010,0.0106542644,Fourier 1st order
SINC,2004,10,2004.8333333,1999-2010,0.0082175687,Fourier 3rd order
OBSE,2004,10,2004.8333333,1999-2010,0.018872549,Observations
SINA,2004,11,2004.9166667,1999-2010,0.0043779027,Fourier 1st order
SINC,2004,11,2004.9166667,1999-2010,0.0053680041,Fourier 3rd order
OBSE,2004,11,2004.9166667,1999-2010,0.0003571429,Observations
SINA,2005,0,2005,1999-2010,0.0005215214,Fourier 1st order
SINC,2005,0,2005,1999-2010,0.0000393568,Fourier 3rd order
OBSE,2005,0,2005,1999-2010,0,Observations
SINA,2005,1,2005.0833333,1999-2010,0.0029734775,Fourier 1st order
SINC,2005,1,2005.0833333,1999-2010,0.0028448176,Fourier 3rd order
OBSE,2005,1,2005.0833333,1999-2010,0.0049216292,Observations
SINA,2005,2,2005.1666667,1999-2010,0.0441307916,Fourier 1st order
SINC,2005,2,2005.1666667,1999-2010,0.0165512487,Fourier 3rd order
OBSE,2005,2,2005.1666667,1999-2010,0,Observations
SINA,2005,3,2005.25,1999-2010,0.827574256,Fourier 1st order
SINC,2005,3,2005.25,1999-2010,0.911896974,Fourier 3rd order
OBSE,2005,3,2005.25,1999-2010,1.3515477064,Observations
SINA,2005,4,2005.3333333,1999-2010,8.9401253601,Fourier 1st order
SINC,2005,4,2005.3333333,1999-2010,16.597979472,Fourier 3rd order
OBSE,2005,4,2005.3333333,1999-2010,13.406637255,Observations
SINA,2005,5,2005.4166667,1999-2010,29.404670654,Fourier 1st order
SINC,2005,5,2005.4166667,1999-2010,11.548172799,Fourier 3rd order
OBSE,2005,5,2005.4166667,1999-2010,14.824787671,Observations
SINA,2005,6,2005.5,1999-2010,21.403061016,Fourier 1st order
SINC,2005,6,2005.5,1999-2010,13.149440972,Fourier 3rd order
OBSE,2005,6,2005.5,1999-2010,11.704508264,Observations
SINA,2005,7,2005.5833333,1999-2010,3.7539055875,Fourier 1st order
SINC,2005,7,2005.5833333,1999-2010,7.8554258984,Fourier 3rd order
OBSE,2005,7,2005.5833333,1999-2010,8.3140918605,Observations
SINA,2005,8,2005.6666667,1999-2010,0.2529334568,Fourier 1st order
SINC,2005,8,2005.6666667,1999-2010,0.0015323543,Fourier 3rd order
OBSE,2005,8,2005.6666667,1999-2010,0,Observations
SINA,2005,9,2005.75,1999-2010,0.0134877971,Fourier 1st order
SINC,2005,9,2005.75,1999-2010,7.309925E-10,Fourier 3rd order
OBSE,2005,9,2005.75,1999-2010,0,Observations
SINA,2005,10,2005.8333333,1999-2010,0.0012485455,Fourier 1st order
SINC,2005,10,2005.8333333,1999-2010,9.300503E-13,Fourier 3rd order
OBSE,2005,10,2005.8333333,1999-2010,0,Observations
SINA,2005,11,2005.9166667,1999-2010,0.0003796048,Fourier 1st order
SINC,2005,11,2005.9166667,1999-2010,1.1778299E-9,Fourier 3rd order
OBSE,2005,11,2005.9166667,1999-2010,0,Observations
SINA,2006,0,2006,1999-2010,0.0002615947,Fourier 1st order
SINC,2006,0,2006,1999-2010,0.0000347033,Fourier 3rd order
OBSE,2006,0,2006,1999-2010,0.0000353357,Observations
SINA,2006,1,2006.0833333,1999-2010,0.0020728477,Fourier 1st order
SINC,2006,1,2006.0833333,1999-2010,0.0002907211,Fourier 3rd order
OBSE,2006,1,2006.0833333,1999-2010,0,Observations
SINA,2006,2,2006.1666667,1999-2010,0.0380941939,Fourier 1st order
SINC,2006,2,2006.1666667,1999-2010,0.0147619813,Fourier 3rd order
OBSE,2006,2,2006.1666667,1999-2010,0.0347222222,Observations
SINA,2006,3,2006.25,1999-2010,0.7442814538,Fourier 1st order
SINC,2006,3,2006.25,1999-2010,1.2129583725,Fourier 3rd order
OBSE,2006,3,2006.25,1999-2010,0.8697765363,Observations
SINA,2006,4,2006.3333333,1999-2010,6.9712842501,Fourier 1st order
SINC,2006,4,2006.3333333,1999-2010,8.6440861763,Fourier 3rd order
OBSE,2006,4,2006.3333333,1999-2010,10.032305556,Observations
SINA,2006,5,2006.4166667,1999-2010,17.189081649,Fourier 1st order
SINC,2006,5,2006.4166667,1999-2010,4.6073610513,Fourier 3rd order
OBSE,2006,5,2006.4166667,1999-2010,3.8239308511,Observations
SINA,2006,6,2006.5,1999-2010,8.7606609323,Fourier 1st order
SINC,2006,6,2006.5,1999-2010,2.5301217698,Fourier 3rd order
OBSE,2006,6,2006.5,1999-2010,1.8288606557,Observations
SINA,2006,7,2006.5833333,1999-2010,1.1056008056,Fourier 1st order
SINC,2006,7,2006.5833333,1999-2010,2.0972951039,Fourier 3rd order
OBSE,2006,7,2006.5833333,1999-2010,3.079615942,Observations
SINA,2006,8,2006.6666667,1999-2010,0.0601598784,Fourier 1st order
SINC,2006,8,2006.6666667,1999-2010,0.212445176,Fourier 3rd order
OBSE,2006,8,2006.6666667,1999-2010,0.0712868421,Observations
SINA,2006,9,2006.75,1999-2010,0.0030791337,Fourier 1st order
SINC,2006,9,2006.75,1999-2010,0.0019150352,Fourier 3rd order
OBSE,2006,9,2006.75,1999-2010,0.0037593985,Observations
SINA,2006,10,2006.8333333,1999-2010,0.0003287403,Fourier 1st order
SINC,2006,10,2006.8333333,1999-2010,0.0000386972,Fourier 3rd order
OBSE,2006,10,2006.8333333,1999-2010,0.0000827338,Observations
SINA,2006,11,2006.9166667,1999-2010,0.0001333255,Fourier 1st order
SINC,2006,11,2006.9166667,1999-2010,0.0000141153,Fourier 3rd order
OBSE,2006,11,2006.9166667,1999-2010,0,Observations
SINA,2007,0,2007,1999-2010,0.0029883563,Fourier 1st order
SINC,2007,0,2007,1999-2010,0.0020403872,Fourier 3rd order
OBSE,2007,0,2007,1999-2010,0,Observations
SINA,2007,1,2007.0833333,1999-2010,0.013749153,Fourier 1st order
SINC,2007,1,2007.0833333,1999-2010,0.0069871793,Fourier 3rd order
OBSE,2007,1,2007.0833333,1999-2010,0.0188955224,Observations
SINA,2007,2,2007.1666667,1999-2010,0.111427798,Fourier 1st order
SINC,2007,2,2007.1666667,1999-2010,0.0686034185,Fourier 3rd order
OBSE,2007,2,2007.1666667,1999-2010,0,Observations
SINA,2007,3,2007.25,1999-2010,0.9080192011,Fourier 1st order
SINC,2007,3,2007.25,1999-2010,0.7955276112,Fourier 3rd order
OBSE,2007,3,2007.25,1999-2010,1.0751714286,Observations
SINA,2007,4,2007.3333333,1999-2010,4.2408361202,Fourier 1st order
SINC,2007,4,2007.3333333,1999-2010,6.0910243338,Fourier 3rd order
OBSE,2007,4,2007.3333333,1999-2010,5.803535461,Observations
SINA,2007,5,2007.4166667,1999-2010,7.511201277,Fourier 1st order
SINC,2007,5,2007.4166667,1999-2010,10.52102624,Fourier 3rd order
OBSE,2007,5,2007.4166667,1999-2010,9.4469814815,Observations
SINA,2007,6,2007.5,1999-2010,4.328607971,Fourier 1st order
SINC,2007,6,2007.5,1999-2010,1.8647769232,Fourier 3rd order
OBSE,2007,6,2007.5,1999-2010,1.8663125,Observations
SINA,2007,7,2007.5833333,1999-2010,0.9408159697,Fourier 1st order
SINC,2007,7,2007.5833333,1999-2010,0.1159466206,Fourier 3rd order
OBSE,2007,7,2007.5833333,1999-2010,0.1889791667,Observations
SINA,2007,8,2007.6666667,1999-2010,0.1160879328,Fourier 1st order
SINC,2007,8,2007.6666667,1999-2010,0.0225743076,Fourier 3rd order
OBSE,2007,8,2007.6666667,1999-2010,0,Observations
SINA,2007,9,2007.75,1999-2010,0.014245759,Fourier 1st order
SINC,2007,9,2007.75,1999-2010,0.0174777147,Fourier 3rd order
OBSE,2007,9,2007.75,1999-2010,0.0043576389,Observations
SINA,2007,10,2007.8333333,1999-2010,0.0030502058,Fourier 1st order
SINC,2007,10,2007.8333333,1999-2010,0.0107208461,Fourier 3rd order
OBSE,2007,10,2007.8333333,1999-2010,0.0341116071,Observations
SINA,2007,11,2007.9166667,1999-2010,0.001722151,Fourier 1st order
SINC,2007,11,2007.9166667,1999-2010,0.0032468414,Fourier 3rd order
OBSE,2007,11,2007.9166667,1999-2010,0,Observations
SINA,2008,0,2008,1999-2010,0.0003915321,Fourier 1st order
SINC,2008,0,2008,1999-2010,0.0000763749,Fourier 3rd order
OBSE,2008,0,2008,1999-2010,0,Observations
SINA,2008,1,2008.0833333,1999-2010,0.003047142,Fourier 1st order
SINC,2008,1,2008.0833333,1999-2010,0.0011364303,Fourier 3rd order
OBSE,2008,1,2008.0833333,1999-2010,0.0031493304,Observations
SINA,2008,2,2008.1666667,1999-2010,0.0513215115,Fourier 1st order
SINC,2008,2,2008.1666667,1999-2010,0.0306417802,Fourier 3rd order
OBSE,2008,2,2008.1666667,1999-2010,0.0050219298,Observations
SINA,2008,3,2008.25,1999-2010,0.8777542409,Fourier 1st order
SINC,2008,3,2008.25,1999-2010,1.6449506239,Fourier 3rd order
OBSE,2008,3,2008.25,1999-2010,2.2922738318,Observations
SINA,2008,4,2008.3333333,1999-2010,7.1238068325,Fourier 1st order
SINC,2008,4,2008.3333333,1999-2010,6.1062378375,Fourier 3rd order
OBSE,2008,4,2008.3333333,1999-2010,5.1717852381,Observations
SINA,2008,5,2008.4166667,1999-2010,15.655261605,Fourier 1st order
SINC,2008,5,2008.4166667,1999-2010,1.5062381179,Fourier 3rd order
OBSE,2008,5,2008.4166667,1999-2010,1.6755869565,Observations
SINA,2008,6,2008.5,1999-2010,7.5438453626,Fourier 1st order
SINC,2008,6,2008.5,1999-2010,1.3228938434,Fourier 3rd order
OBSE,2008,6,2008.5,1999-2010,7.367,Observations
SINA,2008,7,2008.5833333,1999-2010,0.9693206699,Fourier 1st order
SINC,2008,7,2008.5833333,1999-2010,3.2149253811,Fourier 3rd order
OBSE,2008,7,2008.5833333,1999-2010,1.6582258065,Observations
SINA,2008,8,2008.6666667,1999-2010,0.0575520402,Fourier 1st order
SINC,2008,8,2008.6666667,1999-2010,0.1275726307,Fourier 3rd order
OBSE,2008,8,2008.6666667,1999-2010,0.2324459459,Observations
SINA,2008,9,2008.75,1999-2010,0.0033650167,Fourier 1st order
SINC,2008,9,2008.75,1999-2010,0.0000703135,Fourier 3rd order
OBSE,2008,9,2008.75,1999-2010,0,Observations
SINA,2008,10,2008.8333333,1999-2010,0.0004146179,Fourier 1st order
SINC,2008,10,2008.8333333,1999-2010,5.2381744E-7,Fourier 3rd order
OBSE,2008,10,2008.8333333,1999-2010,0,Observations
SINA,2008,11,2008.9166667,1999-2010,0.0001886687,Fourier 1st order
SINC,2008,11,2008.9166667,1999-2010,1.9847336E-6,Fourier 3rd order
OBSE,2008,11,2008.9166667,1999-2010,0,Observations
SINA,2009,0,2009,1999-2010,0.0003168311,Fourier 1st order
SINC,2009,0,2009,1999-2010,1.103058E-22,Fourier 3rd order
OBSE,2009,0,2009,1999-2010,0,Observations
SINA,2009,1,2009.0833333,1999-2010,0.0012472782,Fourier 1st order
SINC,2009,1,2009.0833333,1999-2010,3.070701E-13,Fourier 3rd order
OBSE,2009,1,2009.0833333,1999-2010,0,Observations
SINA,2009,2,2009.1666667,1999-2010,0.0164097863,Fourier 1st order
SINC,2009,2,2009.1666667,1999-2010,0.0001283126,Fourier 3rd order
OBSE,2009,2,2009.1666667,1999-2010,0.0001295337,Observations
SINA,2009,3,2009.25,1999-2010,0.3617212967,Fourier 1st order
SINC,2009,3,2009.25,1999-2010,0.6598717492,Fourier 3rd order
OBSE,2009,3,2009.25,1999-2010,0.6547192118,Observations
SINA,2009,4,2009.3333333,1999-2010,5.8324144718,Fourier 1st order
SINC,2009,4,2009.3333333,1999-2010,6.1319951269,Fourier 3rd order
OBSE,2009,4,2009.3333333,1999-2010,6.2217478261,Observations
SINA,2009,5,2009.4166667,1999-2010,32.657584593,Fourier 1st order
SINC,2009,5,2009.4166667,1999-2010,11.596655982,Fourier 3rd order
OBSE,2009,5,2009.4166667,1999-2010,10.178888889,Observations
SINA,2009,6,2009.5,1999-2010,40.023841695,Fourier 1st order
SINC,2009,6,2009.5,1999-2010,8.0203092638,Fourier 3rd order
OBSE,2009,6,2009.5,1999-2010,9.0852272727,Observations
SINA,2009,7,2009.5833333,1999-2010,10.166777033,Fourier 1st order
SINC,2009,7,2009.5833333,1999-2010,9.8654140994,Fourier 3rd order
OBSE,2009,7,2009.5833333,1999-2010,8.447625,Observations
SINA,2009,8,2009.6666667,1999-2010,0.772758358,Fourier 1st order
SINC,2009,8,2009.6666667,1999-2010,2.7958093692,Fourier 3rd order
OBSE,2009,8,2009.6666667,1999-2010,2.9214285714,Observations
SINA,2009,9,2009.75,1999-2010,0.035056823,Fourier 1st order
SINC,2009,9,2009.75,1999-2010,0.0000188009,Fourier 3rd order
OBSE,2009,9,2009.75,1999-2010,0,Observations
SINA,2009,10,2009.8333333,1999-2010,0.0021741938,Fourier 1st order
SINC,2009,10,2009.8333333,1999-2010,5.908427E-16,Fourier 3rd order
OBSE,2009,10,2009.8333333,1999-2010,0,Observations
SINA,2009,11,2009.9166667,1999-2010,0.0003882957,Fourier 1st order
SINC,2009,11,2009.9166667,1999-2010,2.638256E-24,Fourier 3rd order
OBSE,2009,11,2009.9166667,1999-2010,0,Observations
SINA,2010,0,2010,1999-2010,2.3068708E-6,Fourier 1st order
SINC,2010,0,2010,1999-2010,6.626073E-23,Fourier 3rd order
OBSE,2010,0,2010,1999-2010,0,Observations
SINA,2010,1,2010.0833333,1999-2010,0.0000434836,Fourier 1st order
SINC,2010,1,2010.0833333,1999-2010,5.353171E-19,Fourier 3rd order
OBSE,2010,1,2010.0833333,1999-2010,0,Observations
SINA,2010,2,2010.1666667,1999-2010,0.0030573828,Fourier 1st order
SINC,2010,2,2010.1666667,1999-2010,1.2643401E-8,Fourier 3rd order
OBSE,2010,2,2010.1666667,1999-2010,0,Observations
SINA,2010,3,2010.25,1999-2010,0.2565596632,Fourier 1st order
SINC,2010,3,2010.25,1999-2010,0.3674406527,Fourier 3rd order
OBSE,2010,3,2010.25,1999-2010,0.3695413534,Observations
SINA,2010,4,2010.3333333,1999-2010,7.840610811,Fourier 1st order
SINC,2010,4,2010.3333333,1999-2010,8.7574366276,Fourier 3rd order
OBSE,2010,4,2010.3333333,1999-2010,8.7267764228,Observations
SINA,2010,5,2010.4166667,1999-2010,34.90491176,Fourier 1st order
SINC,2010,5,2010.4166667,1999-2010,4.5099395639,Fourier 3rd order
OBSE,2010,5,2010.4166667,1999-2010,4.7207235294,Observations
SINA,2010,6,2010.5,1999-2010,15.171322766,Fourier 1st order
SINC,2010,6,2010.5,1999-2010,12.456753456,Fourier 3rd order
OBSE,2010,6,2010.5,1999-2010,11.942307692,Observations
SINA,2010,7,2010.5833333,1999-2010,0.8048622011,Fourier 1st order
SINC,2010,7,2010.5833333,1999-2010,2.0223880531,Fourier 3rd order
OBSE,2010,7,2010.5833333,1999-2010,2.0911,Observations
SINA,2010,8,2010.6666667,1999-2010,0.0114471379,Fourier 1st order
SINC,2010,8,2010.6666667,1999-2010,0.0096841787,Fourier 3rd order
OBSE,2010,8,2010.6666667,1999-2010,0.0088139535,Observations
SINA,2010,9,2010.75,1999-2010,0.0001364138,Fourier 1st order
SINC,2010,9,2010.75,1999-2010,0.0000287327,Fourier 3rd order
OBSE,2010,9,2010.75,1999-2010,0.0000308642,Observations
SINA,2010,10,2010.8333333,1999-2010,4.4637188E-6,Fourier 1st order
SINC,2010,10,2010.8333333,1999-2010,9.19119E-10,Fourier 3rd order
OBSE,2010,10,2010.8333333,1999-2010,0,Observations
SINA,2010,11,2010.9166667,1999-2010,1.002675E-6,Fourier 1st order
SINC,2010,11,2010.9166667,1999-2010,1.578072E-17,Fourier 3rd order
OBSE,2010,11,2010.9166667,1999-2010,0,Observations
SINA,2011,0,2011,2011-2022,0.0016466031,Fourier 1st order
SINC,2011,0,2011,2011-2022,2.842167E-14,Fourier 3rd order
OBSE,2011,0,2011,2011-2022,0,Observations
SINA,2011,1,2011.0833333,2011-2022,0.0076164398,Fourier 1st order
SINC,2011,1,2011.0833333,2011-2022,1.441436E-11,Fourier 3rd order
OBSE,2011,1,2011.0833333,2011-2022,0,Observations
SINA,2011,2,2011.1666667,2011-2022,0.0841356339,Fourier 1st order
SINC,2011,2,2011.1666667,2011-2022,0.0000989527,Fourier 3rd order
OBSE,2011,2,2011.1666667,2011-2022,0,Observations
SINA,2011,3,2011.25,2011-2022,1.1661131798,Fourier 1st order
SINC,2011,3,2011.25,2011-2022,3.9605117831,Fourier 3rd order
OBSE,2011,3,2011.25,2011-2022,4.3838988095,Observations
SINA,2011,4,2011.3333333,2011-2022,10.025368486,Fourier 1st order
SINC,2011,4,2011.3333333,2011-2022,10.10589396,Fourier 3rd order
OBSE,2011,4,2011.3333333,2011-2022,9.1163478261,Observations
SINA,2011,5,2011.4166667,2011-2022,30.039865309,Fourier 1st order
SINC,2011,5,2011.4166667,2011-2022,2.7043645398,Fourier 3rd order
OBSE,2011,5,2011.4166667,2011-2022,5.2,Observations
SINA,2011,6,2011.5,2011-2022,23.37920088,Fourier 1st order
SINC,2011,6,2011.5,2011-2022,5.9019262235,Fourier 3rd order
OBSE,2011,6,2011.5,2011-2022,3.6712682927,Observations
SINA,2011,7,2011.5833333,2011-2022,5.0543645982,Fourier 1st order
SINC,2011,7,2011.5833333,2011-2022,6.6601681135,Fourier 3rd order
OBSE,2011,7,2011.5833333,2011-2022,7.85018,Observations
SINA,2011,8,2011.6666667,2011-2022,0.4575500507,Fourier 1st order
SINC,2011,8,2011.6666667,2011-2022,1.1139284933,Fourier 3rd order
OBSE,2011,8,2011.6666667,2011-2022,1.0445789474,Observations
SINA,2011,9,2011.75,2011-2022,0.033012459,Fourier 1st order
SINC,2011,9,2011.75,2011-2022,0.0558343241,Fourier 3rd order
OBSE,2011,9,2011.75,2011-2022,0.0548837209,Observations
SINA,2011,10,2011.8333333,2011-2022,0.0038398851,Fourier 1st order
SINC,2011,10,2011.8333333,2011-2022,0.0000382332,Fourier 3rd order
OBSE,2011,10,2011.8333333,2011-2022,0.0000501672,Observations
SINA,2011,11,2011.9166667,2011-2022,0.0012815059,Fourier 1st order
SINC,2011,11,2011.9166667,2011-2022,1.244359E-10,Fourier 3rd order
OBSE,2011,11,2011.9166667,2011-2022,0,Observations
SINA,2012,0,2012,2011-2022,0.002335186,Fourier 1st order
SINC,2012,0,2012,2011-2022,0.0001246656,Fourier 3rd order
OBSE,2012,0,2012,2011-2022,0.0005546075,Observations
SINA,2012,1,2012.0833333,2011-2022,0.0115043616,Fourier 1st order
SINC,2012,1,2012.0833333,2011-2022,0.0002403777,Fourier 3rd order
OBSE,2012,1,2012.0833333,2011-2022,0,Observations
SINA,2012,2,2012.1666667,2011-2022,0.1211532123,Fourier 1st order
SINC,2012,2,2012.1666667,2011-2022,0.0155406165,Fourier 3rd order
OBSE,2012,2,2012.1666667,2011-2022,0.0002564103,Observations
SINA,2012,3,2012.25,2011-2022,1.4513362693,Fourier 1st order
SINC,2012,3,2012.25,2011-2022,2.1601155293,Fourier 3rd order
OBSE,2012,3,2012.25,2011-2022,2.9579660494,Observations
SINA,2012,4,2012.3333333,2011-2022,10.167088042,Fourier 1st order
SINC,2012,4,2012.3333333,2011-2022,14.99878971,Fourier 3rd order
OBSE,2012,4,2012.3333333,2011-2022,11.605061594,Observations
SINA,2012,5,2012.4166667,2011-2022,24.722287223,Fourier 1st order
SINC,2012,5,2012.4166667,2011-2022,7.0745178568,Fourier 3rd order
OBSE,2012,5,2012.4166667,2011-2022,11.752795455,Observations
SINA,2012,6,2012.5,2011-2022,16.445412523,Fourier 1st order
SINC,2012,6,2012.5,2011-2022,3.9356036894,Fourier 3rd order
OBSE,2012,6,2012.5,2011-2022,2.8829268293,Observations
SINA,2012,7,2012.5833333,2011-2022,3.3381336493,Fourier 1st order
SINC,2012,7,2012.5833333,2011-2022,3.6528162182,Fourier 3rd order
OBSE,2012,7,2012.5833333,2011-2022,3.3346938776,Observations
SINA,2012,8,2012.6666667,2011-2022,0.3169795971,Fourier 1st order
SINC,2012,8,2012.6666667,2011-2022,0.9076476171,Fourier 3rd order
OBSE,2012,8,2012.6666667,2011-2022,0.9725735294,Observations
SINA,2012,9,2012.75,2011-2022,0.026460509,Fourier 1st order
SINC,2012,9,2012.75,2011-2022,0.0586149087,Fourier 3rd order
OBSE,2012,9,2012.75,2011-2022,0.0753174603,Observations
SINA,2012,10,2012.8333333,2011-2022,0.0037771972,Fourier 1st order
SINC,2012,10,2012.8333333,2011-2022,0.0047169897,Fourier 3rd order
OBSE,2012,10,2012.8333333,2011-2022,0.0030058366,Observations
SINA,2012,11,2012.9166667,2011-2022,0.0015533796,Fourier 1st order
SINC,2012,11,2012.9166667,2011-2022,0.0006225308,Fourier 3rd order
OBSE,2012,11,2012.9166667,2011-2022,0,Observations
SINA,2013,0,2013,2011-2022,0.001773416,Fourier 1st order
SINC,2013,0,2013,2011-2022,5.2450818E-7,Fourier 3rd order
OBSE,2013,0,2013,2011-2022,0,Observations
SINA,2013,1,2013.0833333,2011-2022,0.0092238454,Fourier 1st order
SINC,2013,1,2013.0833333,2011-2022,0.0001844308,Fourier 3rd order
OBSE,2013,1,2013.0833333,2011-2022,0,Observations
SINA,2013,2,2013.1666667,2011-2022,0.1068036725,Fourier 1st order
SINC,2013,2,2013.1666667,2011-2022,0.0785923347,Fourier 3rd order
OBSE,2013,2,2013.1666667,2011-2022,0.1011655052,Observations
SINA,2013,3,2013.25,2011-2022,1.4283101011,Fourier 1st order
SINC,2013,3,2013.25,2011-2022,2.8583798647,Fourier 3rd order
OBSE,2013,3,2013.25,2011-2022,2.3673065476,Observations
SINA,2013,4,2013.3333333,2011-2022,11.01150966,Fourier 1st order
SINC,2013,4,2013.3333333,2011-2022,12.005876214,Fourier 3rd order
OBSE,2013,4,2013.3333333,2011-2022,13.471508333,Observations
SINA,2013,5,2013.4166667,2011-2022,28.312733167,Fourier 1st order
SINC,2013,5,2013.4166667,2011-2022,12.983143648,Fourier 3rd order
OBSE,2013,5,2013.4166667,2011-2022,11.651409836,Observations
SINA,2013,6,2013.5,2011-2022,18.850895212,Fourier 1st order
SINC,2013,6,2013.5,2011-2022,7.0127695212,Fourier 3rd order
OBSE,2013,6,2013.5,2011-2022,6.4069318182,Observations
SINA,2013,7,2013.5833333,2011-2022,3.6243538339,Fourier 1st order
SINC,2013,7,2013.5833333,2011-2022,4.0961432467,Fourier 3rd order
OBSE,2013,7,2013.5833333,2011-2022,4.8299242424,Observations
SINA,2013,8,2013.6666667,2011-2022,0.3130087056,Fourier 1st order
SINC,2013,8,2013.6666667,2011-2022,1.2911962418,Fourier 3rd order
OBSE,2013,8,2013.6666667,2011-2022,1.0501948052,Observations
SINA,2013,9,2013.75,2011-2022,0.0234056171,Fourier 1st order
SINC,2013,9,2013.75,2011-2022,0.0232193203,Fourier 3rd order
OBSE,2013,9,2013.75,2011-2022,0.0266972477,Observations
SINA,2013,10,2013.8333333,2011-2022,0.0030359579,Fourier 1st order
SINC,2013,10,2013.8333333,2011-2022,0.0000269159,Fourier 3rd order
OBSE,2013,10,2013.8333333,2011-2022,0.0000469925,Observations
SINA,2013,11,2013.9166667,2011-2022,0.0011807578,Fourier 1st order
SINC,2013,11,2013.9166667,2011-2022,1.8529298E-7,Fourier 3rd order
OBSE,2013,11,2013.9166667,2011-2022,0,Observations
SINA,2014,0,2014,2011-2022,0.0004554688,Fourier 1st order
SINC,2014,0,2014,2011-2022,5.7562598E-8,Fourier 3rd order
OBSE,2014,0,2014,2011-2022,0,Observations
SINA,2014,1,2014.0833333,2011-2022,0.0017531587,Fourier 1st order
SINC,2014,1,2014.0833333,2011-2022,6.8204496E-7,Fourier 3rd order
OBSE,2014,1,2014.0833333,2011-2022,0,Observations
SINA,2014,2,2014.1666667,2011-2022,0.0214747842,Fourier 1st order
SINC,2014,2,2014.1666667,2011-2022,0.0006512326,Fourier 3rd order
OBSE,2014,2,2014.1666667,2011-2022,0,Observations
SINA,2014,3,2014.25,2011-2022,0.427783284,Fourier 1st order
SINC,2014,3,2014.25,2011-2022,0.4230226266,Fourier 3rd order
OBSE,2014,3,2014.25,2011-2022,0.5288953488,Observations
SINA,2014,4,2014.3333333,2011-2022,6.2167184102,Fourier 1st order
SINC,2014,4,2014.3333333,2011-2022,10.357576712,Fourier 3rd order
OBSE,2014,4,2014.3333333,2011-2022,8.913077381,Observations
SINA,2014,5,2014.4166667,2011-2022,32.173151367,Fourier 1st order
SINC,2014,5,2014.4166667,2011-2022,17.000029347,Fourier 3rd order
OBSE,2014,5,2014.4166667,2011-2022,23.63975,Observations
SINA,2014,6,2014.5,2011-2022,38.170110445,Fourier 1st order
SINC,2014,6,2014.5,2011-2022,10.130297958,Fourier 3rd order
OBSE,2014,6,2014.5,2011-2022,12.3,Observations
SINA,2014,7,2014.5833333,2011-2022,9.9165548978,Fourier 1st order
SINC,2014,7,2014.5833333,2011-2022,5.2514415573,Fourier 3rd order
OBSE,2014,7,2014.5833333,2011-2022,2.9512941176,Observations
SINA,2014,8,2014.6666667,2011-2022,0.8095678423,Fourier 1st order
SINC,2014,8,2014.6666667,2011-2022,2.0531789155,Fourier 3rd order
OBSE,2014,8,2014.6666667,2011-2022,4.7583431373,Observations
SINA,2014,9,2014.75,2011-2022,0.0406404255,Fourier 1st order
SINC,2014,9,2014.75,2011-2022,0.1921063512,Fourier 3rd order
OBSE,2014,9,2014.75,2011-2022,0.0092910448,Observations
SINA,2014,10,2014.8333333,2011-2022,0.0027965389,Fourier 1st order
SINC,2014,10,2014.8333333,2011-2022,0.0012773744,Fourier 3rd order
OBSE,2014,10,2014.8333333,2011-2022,0.0033995633,Observations
SINA,2014,11,2014.9166667,2011-2022,0.0005403665,Fourier 1st order
SINC,2014,11,2014.9166667,2011-2022,2.0847566E-6,Fourier 3rd order
OBSE,2014,11,2014.9166667,2011-2022,0,Observations
SINA,2015,0,2015,2011-2022,0.0001549025,Fourier 1st order
SINC,2015,0,2015,2011-2022,2.7492471E-6,Fourier 3rd order
OBSE,2015,0,2015,2011-2022,0,Observations
SINA,2015,1,2015.0833333,2011-2022,0.0005554141,Fourier 1st order
SINC,2015,1,2015.0833333,2011-2022,0.0001098684,Fourier 3rd order
OBSE,2015,1,2015.0833333,2011-2022,0,Observations
SINA,2015,2,2015.1666667,2011-2022,0.0084949176,Fourier 1st order
SINC,2015,2,2015.1666667,2011-2022,0.0007877469,Fourier 3rd order
OBSE,2015,2,2015.1666667,2011-2022,0.0023314607,Observations
SINA,2015,3,2015.25,2011-2022,0.2668628138,Fourier 1st order
SINC,2015,3,2015.25,2011-2022,0.0632479734,Fourier 3rd order
OBSE,2015,3,2015.25,2011-2022,0.0003191489,Observations
SINA,2015,4,2015.3333333,2011-2022,6.8367400227,Fourier 1st order
SINC,2015,4,2015.3333333,2011-2022,13.482526302,Fourier 3rd order
OBSE,2015,4,2015.3333333,2011-2022,16.777838235,Observations
SINA,2015,5,2015.4166667,2011-2022,59.898976512,Fourier 1st order
SINC,2015,5,2015.4166667,2011-2022,47.464632857,Fourier 3rd order
OBSE,2015,5,2015.4166667,2011-2022,32.387203704,Observations
SINA,2015,6,2015.5,2011-2022,100.3316857,Fourier 1st order
SINC,2015,6,2015.5,2011-2022,11.32878225,Fourier 3rd order
OBSE,2015,6,2015.5,2011-2022,16.1895,Observations
SINA,2015,7,2015.5833333,2011-2022,27.982051769,Fourier 1st order
SINC,2015,7,2015.5833333,2011-2022,16.401876411,Fourier 3rd order
OBSE,2015,7,2015.5833333,2011-2022,15.969546875,Observations
SINA,2015,8,2015.6666667,2011-2022,1.8295204081,Fourier 1st order
SINC,2015,8,2015.6666667,2011-2022,8.1907555224,Fourier 3rd order
OBSE,2015,8,2015.6666667,2011-2022,7.5481764706,Observations
SINA,2015,9,2015.75,2011-2022,0.058238257,Fourier 1st order
SINC,2015,9,2015.75,2011-2022,0.0063130538,Fourier 3rd order
OBSE,2015,9,2015.75,2011-2022,0.0105754717,Observations
SINA,2015,10,2015.8333333,2011-2022,0.0022732509,Fourier 1st order
SINC,2015,10,2015.8333333,2011-2022,5.1185352E-7,Fourier 3rd order
OBSE,2015,10,2015.8333333,2011-2022,0,Observations
SINA,2015,11,2015.9166667,2011-2022,0.000259464,Fourier 1st order
SINC,2015,11,2015.9166667,2011-2022,4.060713E-8,Fourier 3rd order
OBSE,2015,11,2015.9166667,2011-2022,0,Observations
SINA,2016,0,2016,2011-2022,0.0004545597,Fourier 1st order
SINC,2016,0,2016,2011-2022,6.2738131E-6,Fourier 3rd order
OBSE,2016,0,2016,2011-2022,0.0000100756,Observations
SINA,2016,1,2016.0833333,2011-2022,0.001752768,Fourier 1st order
SINC,2016,1,2016.0833333,2011-2022,0.0000189203,Fourier 3rd order
OBSE,2016,1,2016.0833333,2011-2022,0.0000110375,Observations
SINA,2016,2,2016.1666667,2011-2022,0.0211474581,Fourier 1st order
SINC,2016,2,2016.1666667,2011-2022,0.0008379964,Fourier 3rd order
OBSE,2016,2,2016.1666667,2011-2022,0.0005456853,Observations
SINA,2016,3,2016.25,2011-2022,0.4096340055,Fourier 1st order
SINC,2016,3,2016.25,2011-2022,0.2044078356,Fourier 3rd order
OBSE,2016,3,2016.25,2011-2022,0.2524489796,Observations
SINA,2016,4,2016.3333333,2011-2022,5.7577178699,Fourier 1st order
SINC,2016,4,2016.3333333,2011-2022,12.48976491,Fourier 3rd order
OBSE,2016,4,2016.3333333,2011-2022,12.006573427,Observations
SINA,2016,5,2016.4166667,2011-2022,28.923753722,Fourier 1st order
SINC,2016,5,2016.4166667,2011-2022,20.878349563,Fourier 3rd order
OBSE,2016,5,2016.4166667,2011-2022,20.816636364,Observations
SINA,2016,6,2016.5,2011-2022,33.695763112,Fourier 1st order
SINC,2016,6,2016.5,2011-2022,4.9078061142,Fourier 3rd order
OBSE,2016,6,2016.5,2011-2022,5.8673469388,Observations
SINA,2016,7,2016.5833333,2011-2022,8.7385976224,Fourier 1st order
SINC,2016,7,2016.5833333,2011-2022,2.5005058961,Fourier 3rd order
OBSE,2016,7,2016.5833333,2011-2022,1.9455714286,Observations
SINA,2016,8,2016.6666667,2011-2022,0.7242825221,Fourier 1st order
SINC,2016,8,2016.6666667,2011-2022,1.6474953607,Fourier 3rd order
OBSE,2016,8,2016.6666667,2011-2022,1.7904230769,Observations
SINA,2016,9,2016.75,2011-2022,0.0373912666,Fourier 1st order
SINC,2016,9,2016.75,2011-2022,0.1282747392,Fourier 3rd order
OBSE,2016,9,2016.75,2011-2022,0.1426290323,Observations
SINA,2016,10,2016.8333333,2011-2022,0.0026602092,Fourier 1st order
SINC,2016,10,2016.8333333,2011-2022,0.0013663026,Fourier 3rd order
OBSE,2016,10,2016.8333333,2011-2022,0.0000251256,Observations
SINA,2016,11,2016.9166667,2011-2022,0.0005295555,Fourier 1st order
SINC,2016,11,2016.9166667,2011-2022,0.0000280088,Fourier 3rd order
OBSE,2016,11,2016.9166667,2011-2022,0.0001298701,Observations
SINA,2017,0,2017,2011-2022,0.0002082494,Fourier 1st order
SINC,2017,0,2017,2011-2022,2.07022E-19,Fourier 3rd order
OBSE,2017,0,2017,2011-2022,0,Observations
SINA,2017,1,2017.0833333,2011-2022,0.0006779923,Fourier 1st order
SINC,2017,1,2017.0833333,2011-2022,1.497452E-13,Fourier 3rd order
OBSE,2017,1,2017.0833333,2011-2022,0,Observations
SINA,2017,2,2017.1666667,2011-2022,0.0080764968,Fourier 1st order
SINC,2017,2,2017.1666667,2011-2022,5.4979797E-6,Fourier 3rd order
OBSE,2017,2,2017.1666667,2011-2022,0,Observations
SINA,2017,3,2017.25,2011-2022,0.1812449106,Fourier 1st order
SINC,2017,3,2017.25,2011-2022,0.1670540439,Fourier 3rd order
OBSE,2017,3,2017.25,2011-2022,0.1761818182,Observations
SINA,2017,4,2017.3333333,2011-2022,3.3292185661,Fourier 1st order
SINC,2017,4,2017.3333333,2011-2022,6.4769140612,Fourier 3rd order
OBSE,2017,4,2017.3333333,2011-2022,6.3548,Observations
SINA,2017,5,2017.4166667,2011-2022,22.947966819,Fourier 1st order
SINC,2017,5,2017.4166667,2011-2022,15.321822929,Fourier 3rd order
OBSE,2017,5,2017.4166667,2011-2022,16.369961538,Observations
SINA,2017,6,2017.5,2011-2022,35.385262605,Fourier 1st order
SINC,2017,6,2017.5,2011-2022,8.5300825896,Fourier 3rd order
OBSE,2017,6,2017.5,2011-2022,8.5534545455,Observations
SINA,2017,7,2017.5833333,2011-2022,10.868798385,Fourier 1st order
SINC,2017,7,2017.5833333,2011-2022,5.5256306789,Fourier 3rd order
OBSE,2017,7,2017.5833333,2011-2022,5.3728166667,Observations
SINA,2017,8,2017.6666667,2011-2022,0.9123957528,Fourier 1st order
SINC,2017,8,2017.6666667,2011-2022,4.3566993524,Fourier 3rd order
OBSE,2017,8,2017.6666667,2011-2022,4.4983333333,Observations
SINA,2017,9,2017.75,2011-2022,0.0406574802,Fourier 1st order
SINC,2017,9,2017.75,2011-2022,0.0088585924,Fourier 3rd order
OBSE,2017,9,2017.75,2011-2022,0.007505618,Observations
SINA,2017,10,2017.8333333,2011-2022,0.0022134207,Fourier 1st order
SINC,2017,10,2017.8333333,2011-2022,4.876279E-10,Fourier 3rd order
OBSE,2017,10,2017.8333333,2011-2022,0,Observations
SINA,2017,11,2017.9166667,2011-2022,0.0003211161,Fourier 1st order
SINC,2017,11,2017.9166667,2011-2022,7.120659E-18,Fourier 3rd order
OBSE,2017,11,2017.9166667,2011-2022,0,Observations
SINA,2018,0,2018,2011-2022,5.5382296E-6,Fourier 1st order
SINC,2018,0,2018,2011-2022,0.0001173088,Fourier 3rd order
OBSE,2018,0,2018,2011-2022,0,Observations
SINA,2018,1,2018.0833333,2011-2022,0.0000550158,Fourier 1st order
SINC,2018,1,2018.0833333,2011-2022,0.0000124966,Fourier 3rd order
OBSE,2018,1,2018.0833333,2011-2022,0.00004662,Observations
SINA,2018,2,2018.1666667,2011-2022,0.0021694427,Fourier 1st order
SINC,2018,2,2018.1666667,2011-2022,0.0000138809,Fourier 3rd order
OBSE,2018,2,2018.1666667,2011-2022,0,Observations
SINA,2018,3,2018.25,2011-2022,0.1268658059,Fourier 1st order
SINC,2018,3,2018.25,2011-2022,0.0086406876,Fourier 3rd order
OBSE,2018,3,2018.25,2011-2022,0.0050228311,Observations
SINA,2018,4,2018.3333333,2011-2022,3.6983756292,Fourier 1st order
SINC,2018,4,2018.3333333,2011-2022,6.9630469355,Fourier 3rd order
OBSE,2018,4,2018.3333333,2011-2022,7.76528125,Observations
SINA,2018,5,2018.4166667,2011-2022,21.771647823,Fourier 1st order
SINC,2018,5,2018.4166667,2011-2022,20.559975289,Fourier 3rd order
OBSE,2018,5,2018.4166667,2011-2022,14.346660714,Observations
SINA,2018,6,2018.5,2011-2022,16.095209301,Fourier 1st order
SINC,2018,6,2018.5,2011-2022,4.6366634485,Fourier 3rd order
OBSE,2018,6,2018.5,2011-2022,5.2,Observations
SINA,2018,7,2018.5833333,2011-2022,1.6202443255,Fourier 1st order
SINC,2018,7,2018.5833333,2011-2022,2.6867353968,Fourier 3rd order
OBSE,2018,7,2018.5833333,2011-2022,2.7187011494,Observations
SINA,2018,8,2018.6666667,2011-2022,0.0410884162,Fourier 1st order
SINC,2018,8,2018.6666667,2011-2022,0.1767876483,Fourier 3rd order
OBSE,2018,8,2018.6666667,2011-2022,0.0653225806,Observations
SINA,2018,9,2018.75,2011-2022,0.000702624,Fourier 1st order
SINC,2018,9,2018.75,2011-2022,0.0003362745,Fourier 3rd order
OBSE,2018,9,2018.75,2011-2022,0.0012464789,Observations
SINA,2018,10,2018.8333333,2011-2022,0.0000241022,Fourier 1st order
SINC,2018,10,2018.8333333,2011-2022,6.7602365E-6,Fourier 3rd order
OBSE,2018,10,2018.8333333,2011-2022,0,Observations
SINA,2018,11,2018.9166667,2011-2022,4.0942681E-6,Fourier 1st order
SINC,2018,11,2018.9166667,2011-2022,0.0000313246,Fourier 3rd order
OBSE,2018,11,2018.9166667,2011-2022,0.0000505051,Observations
SINA,2019,0,2019,2011-2022,0.0000842148,Fourier 1st order
SINC,2019,0,2019,2011-2022,1.235674E-37,Fourier 3rd order
OBSE,2019,0,2019,2011-2022,0,Observations
SINA,2019,1,2019.0833333,2011-2022,0.0003216955,Fourier 1st order
SINC,2019,1,2019.0833333,2011-2022,5.197202E-27,Fourier 3rd order
OBSE,2019,1,2019.0833333,2011-2022,0,Observations
SINA,2019,2,2019.1666667,2011-2022,0.0050327069,Fourier 1st order
SINC,2019,2,2019.1666667,2011-2022,1.184929E-11,Fourier 3rd order
OBSE,2019,2,2019.1666667,2011-2022,0,Observations
SINA,2019,3,2019.25,2011-2022,0.1543234289,Fourier 1st order
SINC,2019,3,2019.25,2011-2022,0.0228997889,Fourier 3rd order
OBSE,2019,3,2019.25,2011-2022,0.0220994475,Observations
SINA,2019,4,2019.3333333,2011-2022,3.7067579963,Fourier 1st order
SINC,2019,4,2019.3333333,2011-2022,9.0653376403,Fourier 3rd order
OBSE,2019,4,2019.3333333,2011-2022,9.1842913043,Observations
SINA,2019,5,2019.4166667,2011-2022,29.755563101,Fourier 1st order
SINC,2019,5,2019.4166667,2011-2022,13.300187988,Fourier 3rd order
OBSE,2019,5,2019.4166667,2011-2022,11.735263158,Observations
SINA,2019,6,2019.5,2011-2022,45.685020941,Fourier 1st order
SINC,2019,6,2019.5,2011-2022,6.7649181622,Fourier 3rd order
OBSE,2019,6,2019.5,2011-2022,7.225,Observations
SINA,2019,7,2019.5833333,2011-2022,11.95962447,Fourier 1st order
SINC,2019,7,2019.5833333,2011-2022,6.6981091559,Fourier 3rd order
OBSE,2019,7,2019.5833333,2011-2022,6.302,Observations
SINA,2019,8,2019.6666667,2011-2022,0.7644706727,Fourier 1st order
SINC,2019,8,2019.6666667,2011-2022,6.8177914948,Fourier 3rd order
OBSE,2019,8,2019.6666667,2011-2022,7.28,Observations
SINA,2019,9,2019.75,2011-2022,0.0249304779,Fourier 1st order
SINC,2019,9,2019.75,2011-2022,0.000196591,Fourier 3rd order
OBSE,2019,9,2019.75,2011-2022,0,Observations
SINA,2019,10,2019.8333333,2011-2022,0.0010379304,Fourier 1st order
SINC,2019,10,2019.8333333,2011-2022,1.192493E-17,Fourier 3rd order
OBSE,2019,10,2019.8333333,2011-2022,0,Observations
SINA,2019,11,2019.9166667,2011-2022,0.0001292987,Fourier 1st order
SINC,2019,11,2019.9166667,2011-2022,3.502415E-33,Fourier 3rd order
OBSE,2019,11,2019.9166667,2011-2022,0,Observations
SINA,2020,0,2020,2011-2022,1.0566122E-6,Fourier 1st order
SINC,2020,0,2020,2011-2022,8.614028E-33,Fourier 3rd order
OBSE,2020,0,2020,2011-2022,0,Observations
SINA,2020,1,2020.0833333,2011-2022,0.0000131429,Fourier 1st order
SINC,2020,1,2020.0833333,2011-2022,9.441996E-19,Fourier 3rd order
OBSE,2020,1,2020.0833333,2011-2022,0,Observations
SINA,2020,2,2020.1666667,2011-2022,0.000824268,Fourier 1st order
SINC,2020,2,2020.1666667,2011-2022,7.6574946E-8,Fourier 3rd order
OBSE,2020,2,2020.1666667,2011-2022,0,Observations
SINA,2020,3,2020.25,2011-2022,0.085989085,Fourier 1st order
SINC,2020,3,2020.25,2011-2022,0.0653724955,Fourier 3rd order
OBSE,2020,3,2020.25,2011-2022,0.0668831169,Observations
SINA,2020,4,2020.3333333,2011-2022,4.295298363,Fourier 1st order
SINC,2020,4,2020.3333333,2011-2022,6.4954991961,Fourier 3rd order
OBSE,2020,4,2020.3333333,2011-2022,6.4425560345,Observations
SINA,2020,5,2020.4166667,2011-2022,36.024116895,Fourier 1st order
SINC,2020,5,2020.4166667,2011-2022,5.1704953,Fourier 3rd order
OBSE,2020,5,2020.4166667,2011-2022,5.79,Observations
SINA,2020,6,2020.5,2011-2022,28.692307201,Fourier 1st order
SINC,2020,6,2020.5,2011-2022,10.347123131,Fourier 3rd order
OBSE,2020,6,2020.5,2011-2022,10.2,Observations
SINA,2020,7,2020.5833333,2011-2022,2.3066971089,Fourier 1st order
SINC,2020,7,2020.5833333,2011-2022,8.25466842,Fourier 3rd order
OBSE,2020,7,2020.5833333,2011-2022,8.3714285714,Observations
SINA,2020,8,2020.6666667,2011-2022,0.0367800819,Fourier 1st order
SINC,2020,8,2020.6666667,2011-2022,3.3590488E-6,Fourier 3rd order
OBSE,2020,8,2020.6666667,2011-2022,0,Observations
SINA,2020,9,2020.75,2011-2022,0.0003525639,Fourier 1st order
SINC,2020,9,2020.75,2011-2022,1.484944E-21,Fourier 3rd order
OBSE,2020,9,2020.75,2011-2022,0,Observations
SINA,2020,10,2020.8333333,2011-2022,7.0580995E-6,Fourier 1st order
SINC,2020,10,2020.8333333,2011-2022,1.709051E-37,Fourier 3rd order
OBSE,2020,10,2020.8333333,2011-2022,0,Observations
SINA,2020,11,2020.9166667,2011-2022,8.415652E-7,Fourier 1st order
SINC,2020,11,2020.9166667,2011-2022,6.505725E-42,Fourier 3rd order
OBSE,2020,11,2020.9166667,2011-2022,0,Observations
